always,10021039
never,10040300
three,10069875
better,10080112
system,10112358
was,101276933
online,10191169
something,10238690
why,10239970
high,10272381
without,10375679
however,10477701
using,10487785
come,10664434
must,10690628
different,10797013
during,10808095
between,10820784
the,1086322084
am,10905198
place,11129389
things,11137850
since,11143932
part,11168135
long,11264930
few,11401511
look,11432731
another,11540840
little,11695673
this,118313376
information,12031414
be,121334041
same,12419285
too,12470769
off,12568448
last,12596956
both,12687801
are,127182849
every,12882762
going,12925606
as,131550003
around,13218230
find,13384274
used,13392282
still,13472686
down,13544228
own,13596911
home,13687649
business,13705631
world,14112944
right,14243466
made,14403756
on,144467343
each,14461675
life,14478608
best,14508216
think,14528861
really,14905838
want,15201049
help,15204513
go,15240443
with,156119520
year,15756464
great,15802739
does,16024521
before,16110780
here,16157575
while,16987528
take,17051169
day,17147221
being,17186684
those,17394626
it,178836372
such,18002390
back,18086300
him,18135444
need,18152024
you,182453085
I,182655261
years,18475373
where,18527936
much,18586676
did,18617523
know,18633716
see,19255611
through,19457545
use,20209195
work,20294419
should,20364151
two,20615564
way,20753150
for,208388402
good,20850458
said,21118317
us,21188627
because,21575657
even,22246087
that,224519835
after,22564231
could,22732394
now,23268050
over,23433481
very,23718574
first,23900423
well,24020281
then,24304264
make,24392340
is,248380169
many,24844281
any,25708576
may,25711134
most,26036206
its,26289380
only,26533516
than,27631684
into,28642590
me,28754532
how,29615038
get,29850777
no,29934430
these,30346365
people,30421073
she,30841495
them,32105569
other,32942994
new,33361392
her,33758030
just,33799176
been,34043476
like,34146192
were,34456212
in,347194633
would,36278124
some,36631344
time,37416837
had,37580331
also,39076493
needed,3937584
words,3940149
matter,3947737
who,39513873
fun,3959538
view,3963114
seems,3971018
month,3974446
add,3975531
party,3987191
key,4003188
turn,4006644
games,4016899
low,4020452
medical,4025434
ask,4032587
areas,4034866
coming,4049900
hope,4054325
season,4058873
s,4060226
age,4071785
our,40747450
up,40865639
works,4097524
bring,4098961
instead,4099791
close,4102594
single,4106245
share,4114670
certain,4120784
report,4128213
out,41303918
yourself,4133429
child,4148724
move,4152358
common,4157919
insurance,4172854
various,4184421
interest,4196629
likely,4200772
living,4201005
question,4202642
trying,4209012
ago,4209067
financial,4219879
space,4222102
heart,4238109
main,4258350
taken,4267439
result,4268533
search,4279327
amount,4308595
natural,4349490
simple,4367494
true,4370139
what,43721332
short,4376063
reason,4385799
access,4388944
further,4390640
value,4411051
five,4416809
technology,4417297
inside,4432348
issues,4433806
study,4433907
black,4437214
continue,4439220
page,4448650
upon,4452694
when,44528548
according,4459522
media,4465083
problems,4480034
particular,4489463
white,4492763
education,4495164
a,450818768
major,4509936
addition,4510786
above,4524889
understand,4530050
center,4536712
international,4537641
hours,4551799
post,4559810
results,4566804
which,45739634
told,4594204
especially,4597926
air,4604530
among,4611742
video,4619484
million,4623209
news,4630193
internet,4635926
idea,4637360
office,4646109
everyone,4646596
about,46693627
check,4671860
bad,4684049
industry,4695699
building,4712636
type,4714676
list,4734687
price,4743379
general,4744247
there,47444673
tell,4746025
current,4748143
learn,4752159
friends,4759587
probably,4781460
history,4791009
event,4798583
human,4818757
nothing,4822420
due,4834580
face,4836230
university,4844575
light,4887391
either,4890450
cost,4902004
management,4906649
please,4907791
american,4918874
so,49213525
product,4929537
seen,4935996
bit,4940344
url,4957073
training,4961986
anything,4965642
months,4972707
everything,4985049
special,4993760
whole,5002105
young,5004865
rather,5020839
across,5022474
someone,5061146
known,5065947
future,5074920
per,5077217
story,5083276
although,5085126
later,5093070
his,50951208
started,5095304
taking,5097243
web,5113914
companies,5126740
usually,5132083
states,5137104
comes,5138026
early,5144825
law,5147513
mind,5151349
quite,5164499
believe,5167436
of,520616100
my,52066603
almost,5207417
credit,5223410
kind,5225514
run,5230595
create,5231117
pay,5250846
head,5285296
more,52863332
room,5310225
energy,5321630
control,5333560
personal,5349863
form,5354037
members,5368209
four,5377713
took,5377725
country,5386469
do,53876351
one,53923171
men,5394825
problem,5403421
easy,5419406
music,5442615
hand,5449925
simply,5454708
went,5480066
call,5504516
buy,5506714
offer,5514280
plan,5515382
past,5521393
website,5523539
their,55489229
given,5562871
following,5563335
include,5578401
if,55913287
example,5606206
car,5606213
job,5607499
has,56078674
whether,5622030
least,5642047
night,5647605
line,5659531
to,567125659
and,570238088
project,5706449
makes,5731317
design,5743688
live,5765272
level,5787450
quality,5795607
national,5823955
products,5846806
thought,5855929
hard,5873296
based,5882703
ca,5931957
came,5943203
try,5945472
needs,5968865
means,5983711
play,6003199
side,6064135
possible,6077457
open,6147111
all,61495030
social,6152475
development,6202644
already,6209056
doing,6216192
called,6230129
large,6252388
far,6264791
left,6338022
done,6342538
research,6383726
yet,6393300
ever,6427629
others,6446289
says,6454215
government,6493787
data,6494503
second,6629530
name,6635921
community,6649245
women,6655732
full,6685773
students,6693375
food,6697065
god,6721690
he,67251894
fact,6793786
market,6820644
until,6821252
power,6825500
week,6837795
getting,6850070
enough,6877100
book,6893942
change,6915113
person,6926168
together,6940525
local,6986621
actually,7003268
become,7005933
process,7013084
less,7062487
an,70739017
start,7099284
several,7102789
looking,7117515
top,7138687
public,7148402
care,7157937
provide,7196400
real,7200538
man,7208651
case,7216227
working,7220862
body,7246785
they,72519671
today,7266420
house,7276154
let,7282798
but,73083776
can,73380242
along,7364949
game,7381510
team,7390401
times,7398973
children,7430693
point,7457133
course,7482521
making,7500588
will,75287940
site,7534726
services,7537055
group,7551142
city,7559832
though,7607072
program,7611088
order,7629741
thing,7634241
against,7635745
big,7641799
show,7710438
read,7745587
feel,7775709
area,7800194
old,7820868
away,7854419
days,7951767
by,80592007
including,8082359
often,8108755
we,81286792
support,8131832
health,8159671
available,8220464
once,8236139
having,8280863
experience,8364514
put,8378749
from,84815518
small,8519934
service,8521606
money,8534863
end,8551115
sure,8552448
got,8642205
keep,8648208
able,8670394
your,86771653
water,8685078
not,87283369
important,8743753
school,8755836
set,8815554
give,8816968
within,8821032
found,8871991
at,88985877
family,8942739
under,8999181
lot,9110408
or,91357988
free,9139571
again,9157338
number,9200697
state,9213709
company,9314939
next,9327423
might,9758074
have,98995039
say,9940058
love,9978269